,url,brand,title,price,description,colour,material
0,https://www.theeditorsmarket.com/product/woman/jumpsuits/blayne-romper-sd,The Editor's Market,Blayne Linen Romper,$45,This sleeveless romper is made from non-stretch and non-sheer fabric. It has a v-neckline and broad shoulder straps featuring shell button-down detail on the front. Made in a relaxed fit and above-knee length. ,Colour: Sand,Fabric composition: 100% Linen
1,https://www.theeditorsmarket.com/product/woman/jumpsuits/blayne-romper-ag,The Editor's Market,Blayne Linen Romper,$45,This sleeveless romper is made from non-stretch and non-sheer fabric. It has a v-neckline and broad shoulder straps featuring shell button-down detail on the front. Made in a relaxed fit and above-knee length. ,Colour: Army Green,Fabric composition: 100% Linen
2,https://www.theeditorsmarket.com/product/woman/jumpsuits/blayne-romper-cr,The Editor's Market,Blayne Linen Romper,$45,This sleeveless romper is made from non-stretch and non-sheer fabric. It has a v-neckline and broad shoulder straps featuring shell button-down detail on the front. Made in a relaxed fit and above-knee length. ,Colour: Coral,Fabric composition: 100% Linen
3,https://www.theeditorsmarket.com/product/woman/jumpsuits/varina-romper-wh,The Editor's Market,Varina V-neck Romper,$45,This sleeveless romper is made from non-stretch and non-sheer fabric. It has a v-neckline featuring button-down detail on the front. Worn in a relaxed fit and above-knee length.,Colour: White,Fabric composition: 55% Linen 45% Cotton 
4,https://www.theeditorsmarket.com/product/woman/jumpsuits/varina-romper-sb,The Editor's Market,Varina V-neck Romper,$45,This sleeveless romper is made from non-stretch and non-sheer fabric. It has a v-neckline featuring button-down detail on the front. Worn in a relaxed fit and above-knee length.,Colour: Sky Blue,Fabric composition: 55% Linen 45% Cotton 
5,https://www.theeditorsmarket.com/product/woman/jumpsuits/varina-romper-bk,The Editor's Market,Varina V-neck Romper,$45,This sleeveless romper is made from non-stretch and non-sheer fabric. It has a v-neckline featuring button-down detail on the front. Worn in a relaxed fit and above-knee length.,Colour: Black,Fabric composition: 55% Linen 45% Cotton 
6,https://www.theeditorsmarket.com/product/ready-to-wear/jumpsuits/indira-jumpsuit-nv,The Editor's Market,Indigo Jumpsuit,$49,It has a lapel collar and features oversized button fastening on the front.,Colour: Navy Blue/ White Stripes,This sleeveless jumpsuit is made from non-stretch and non-sheer fabric.
7,https://www.theeditorsmarket.com/product/woman/jumpsuits/nadiah-jumpsuit-jd,The Editor's Market,Nadiah Linen Jumpsuit,$59,This sleeveless jumpsuit is made from non-stretch and non-sheer fabric. It has a round neckline featuring a fitted waistline and wide-legged pants. Made in a relaxed fit and regular length with zip closure on one side and functional pockets on both sides. ,Colour: Jade,Fabric composition: 100% Linen
8,https://www.theeditorsmarket.com/product/woman/jumpsuits/keren-relaxed-jumpsuit,The Editor's Market,Keren Relaxed Jumpsuit,$49,This sleeveless jumpsuit is made from non-stretch and non-sheer fabric. It has a v-neckline featuring slim adjustable shoulder straps and wide legs ending with a unique arc-shaped hemline. Worn in a relaxed fit and midi length with zip closure on one side.,Colour: Apricot,Fabric composition: 90% Rayon 10% Polyester
9,https://www.theeditorsmarket.com/product/woman/jumpsuits/keren-jumpsuit-db,The Editor's Market,Keren Relaxed Jumpsuit,$49,This sleeveless jumpsuit is made from non-stretch and non-sheer fabric. It has a v-neckline featuring slim adjustable shoulder straps and wide legs ending with a unique arc-shaped hemline. Worn in a relaxed fit and midi length with zip closure on one side.,Colour: Dusty Blue,Fabric composition: 90% Rayon 10% Polyester
10,https://www.theeditorsmarket.com/product/woman/jumpsuits/keren-jumpsuit-sg,The Editor's Market,Keren Relaxed Jumpsuit,$49,This sleeveless jumpsuit is made from non-stretch and non-sheer fabric. It has a v-neckline featuring slim adjustable shoulder straps and wide legs ending with a unique arc-shaped hemline. Worn in a relaxed fit and midi length with zip closure on one side.,Colour: Sage,Fabric composition: 90% Rayon 10% Polyester
11,https://www.theeditorsmarket.com/product/woman/jumpsuits/keren-jumpsuit-bk,The Editor's Market,Keren Relaxed Jumpsuit,$49,This sleeveless jumpsuit is made from non-stretch and non-sheer fabric. It has a v-neckline featuring slim adjustable shoulder straps and wide legs ending with a unique arc-shaped hemline. Worn in a relaxed fit and midi length with zip closure on one side.,Colour: Black,Fabric composition: 90% Rayon 10% Polyester
12,https://www.theeditorsmarket.com/product/ready-to-wear/jumpsuits/indira-jumpsuit-sd,The Editor's Market,Indira Jumpsuit,$49,It has a lapel collar and features oversized button fastening on the front.,Colour: Sand,This sleeveless jumpsuit is made from non-stretch and non-sheer fabric.
13,https://www.theeditorsmarket.com/product/ready-to-wear/jumpsuits/indira-jumpsuit-bk,The Editor's Market,Indira Jumpsuit,$49,It has a lapel collar and features oversized button fastening on the front.,Colour: Black,This sleeveless jumpsuit is made from non-stretch and non-sheer fabric.
14,https://www.theeditorsmarket.com/product/woman/jumpsuits/nadiah-jumpsuit-cl,The Editor's Market,Nadiah Linen Jumpsuit,$59,This sleeveless jumpsuit is made from non-stretch and non-sheer fabric. It has a round neckline featuring a fitted waistline and wide-legged pants. Made in a relaxed fit and regular length with zip closure on one side and functional pockets on both sides. ,Colour: Coral,Fabric composition: 100% Linen
15,https://www.theeditorsmarket.com/product/woman/jumpsuits/nadiah-jumpsuit-ag,The Editor's Market,Nadiah Linen Jumpsuit,$59,This sleeveless jumpsuit is made from non-stretch and non-sheer fabric. It has a round neckline featuring a fitted waistline and wide-legged pants. Made in a relaxed fit and regular length with zip closure on one side and functional pockets on both sides. ,Colour: Army Green,Fabric composition: 100% Linen
16,https://www.theeditorsmarket.com/product/woman/jumpsuits/darlene-jumpsuit-db,The Editor's Market,Darlene Jumpsuit,$59,This sleeveless jumpsuit is made from non-stretch and non-sheer fabric. It has a round neckline featuring a fitted waistline and wide-legged pants. Made in a relaxed fit and regular length with zip closure on one side.,Colour: Denim Blue,Fabric composition: 100% Cotton
17,https://www.theeditorsmarket.com/product/woman/jumpsuits/edian-wide-leg-jumpsuit,The Editor's Market,Edian Wide-leg Jumpsuit,$59,This sleeveless jumpsuit is made from non-stretchable and non-sheer fabric. It is wide-legged and has a square neckline with broad shoulder straps and oversized button detail on the front. Made in a relaxed fit in a regular length. ,Colour: Black,Fabric composition: 90% Rayon 10% Polyester
18,https://www.theeditorsmarket.com/product/woman/jumpsuits/edian-jumpsuit-eg,The Editor's Market,Edian Wide-leg Jumpsuit,$59,This sleeveless jumpsuit is made from non-stretchable and non-sheer fabric. It is wide-legged and has a square neckline with broad shoulder straps and oversized button detail on the front. Made in a relaxed fit in a regular length. ,Colour: Emerald Green,Fabric composition: 90% Rayon 10% Polyester
19,https://www.theeditorsmarket.com/product/woman/jumpsuits/edian-jumpsuit-rw,The Editor's Market,Edian Wide-leg Jumpsuit,$59,This sleeveless jumpsuit is made from non-stretchable and non-sheer fabric. It is wide-legged and has a square neckline with broad shoulder straps and oversized button detail on the front. Made in a relaxed fit in a regular length. ,Colour: Rosewood,Fabric composition: 90% Rayon 10% Polyester
20,https://www.theeditorsmarket.com/product/ready-to-wear/jumpsuits/claury-jumpsuit-nb,The Editor's Market,Claury Collared Jumpsuit,$59,It has a v-neck collar featuring 2 patch pockets on the front. ,Colour: Navy Blue,This short-sleeved jumpsuit is made from non-stretchable and non-sheer fabric.
21,https://www.theeditorsmarket.com/product/womens/jumpsuits/keigo-jumpsuit-bk,The Editor's Market,Keigo Textured Jumpsuit,$59,It has a round neckline featuring a wide-legged bottom and functional pockets at both sides.,Colour: Black,This sleeveless jumpsuit is made from non-stretch and non-sheer embossed fabric.
22,https://www.theeditorsmarket.com/product/womens/jumpsuits/keigo-jumpsuit-wh,The Editor's Market,Keigo Textured Jumpsuit,$59,It has a round neckline featuring a wide-legged bottom and functional pockets at both sides.,Colour: White,This sleeveless jumpsuit is made from non-stretch and non-sheer embossed fabric.
23,https://www.theeditorsmarket.com/product/womens/jumpsuits/yosef-collared-jumpsuit-sg,The Editor's Market,Yosef Collared Jumpsuit,$49,It has a regular collar with wide legs and button-through detail on the front.,Colour: Sage,This short-sleeved jumpsuit is made from non-stretch and non-sheer fabric.
24,https://www.theeditorsmarket.com/product/ready-to-wear/rompers/yosef-collared-jumpsuit-hz,The Editor's Market,Yosef Collared Jumpsuit,$49,It has a regular collar with wide legs and button-through detail on the front.,Colour: Hazelnut,This short-sleeved jumpsuit is made from non-stretch and non-sheer fabric.
25,https://www.theeditorsmarket.com/product/ready-to-wear/rompers/yosef-collared-jumpsuit-bk,The Editor's Market,Yosef Collared Jumpsuit,$49,It has a regular collar with wide legs and button-through detail on the front.,Colour: Black,This short-sleeved jumpsuit is made from non-stretch and non-sheer fabric.
26,https://www.theeditorsmarket.com/product/womens/jumpsuits/erika-jumpsuit-og,The Editor's Market,Erika Relaxed Jumpsuit,$59,It has a regular collar featuring ruched detail on the shoulders and concealed front buttons with strap belt at the waist. ,Colour: Olive Green,This cap-sleeved jumpsuit is made from non-stretchable and non-sheer fabric.
27,https://www.theeditorsmarket.com/product/womens/jumpsuits/erika-jumpsuit-bk,The Editor's Market,Erika Relaxed Jumpsuit,$59,It has a regular collar featuring ruched detail on the shoulders and concealed front buttons with strap belt at the waist. ,Colour: Black,This cap-sleeved jumpsuit is made from non-stretchable and non-sheer fabric.
28,https://www.theeditorsmarket.com/product/womens/jumpsuits/erika-jumpsuit-iv,The Editor's Market,Erika Relaxed Jumpsuit,$59,It has a regular collar featuring ruched detail on the shoulders and concealed front buttons with strap belt at the waist. ,Colour: Ivory,This cap-sleeved jumpsuit is made from non-stretchable and non-sheer fabric.
29,https://www.theeditorsmarket.com/product/ready-to-wear/jumpsuits/nohea-jumpsuit-bk,The Editor's Market,Nohea Relaxed Jumpsuit,$59,It has a v-neckline with slim shoulder straps featuring pleated loose-fit legs.,Colour: Black,This sleeveless jumpsuit is made from non-stretchable and non-sheer fabric.
30,https://www.theeditorsmarket.com/product/ready-to-wear/jumpsuits/nohea-jumpsuit-pc,The Editor's Market,Nohea Relaxed Jumpsuit,$59,It has a v-neckline with slim shoulder straps featuring pleated loose-fit legs.,Colour: Peach,This sleeveless jumpsuit is made from non-stretchable and non-sheer fabric.
31,https://www.theeditorsmarket.com/product/ready-to-wear/jumpsuits/nohea-jumpsuit-dt,The Editor's Market,Nohea Relaxed Jumpsuit,$59,It has a v-neckline with slim shoulder straps featuring pleated loose-fit legs.,Colour: Dusty Blue,This sleeveless jumpsuit is made from non-stretchable and non-sheer fabric.
32,https://www.theeditorsmarket.com/product/ready-to-wear/jumpsuits/dorana-jumpsuit-gr,The Editor's Market,Dorana Side-tie Jumpsuit,$49,It has a round neckline with wide legs featuring a strap tie to one side.,Colour: Heather Grey,This short-sleeved jumpsuit is made from stretchable non-sheer fabric.
33,https://www.theeditorsmarket.com/product/ready-to-wear/jumpsuits/dorana-jumpsuit-bk,The Editor's Market,Dorana Side-tie Jumpsuit,$49,It has a round neckline with wide legs featuring a strap tie to one side.,Colour: Black,This short-sleeved jumpsuit is made from stretchable non-sheer fabric.
34,https://www.theeditorsmarket.com/product/ready-to-wear/jumpsuits/dorana-jumpsuit-sg,The Editor's Market,Dorana Side-tie Jumpsuit,$49,It has a round neckline with wide legs featuring a strap tie to one side.,Colour: Sage,This short-sleeved jumpsuit is made from stretchable non-sheer fabric.
35,https://www.theeditorsmarket.com/product/ready-to-wear/jumpsuits/jozie-jumpsuit-wh,The Editor's Market,Jozie Cinched-waist Jumpsuit,$49,It has a v-neckline with lapel detail featuring an elastic fitted waistline and brown swirl buttons.,Colour: White,This short-sleeved jumpsuit is made from non-stretchable and non-sheer fabric.
36,https://www.theeditorsmarket.com/product/ready-to-wear/jumpsuits/jozie-jumpsuit-oc,The Editor's Market,Jozie Cinched-waist Jumpsuit,$49,It has a v-neckline with lapel detail featuring an elastic fitted waistline and brown swirl buttons.,Colour: Ochre,This short-sleeved jumpsuit is made from non-stretchable and non-sheer fabric.
37,https://www.theeditorsmarket.com/product/ready-to-wear/jumpsuits/jozie-jumpsuit-bk,The Editor's Market,Jozie Cinched-waist Jumpsuit,$49,It has a v-neckline with lapel detail featuring an elastic fitted waistline and brown swirl buttons.,Colour: Black,This short-sleeved jumpsuit is made from non-stretchable and non-sheer fabric.
38,https://www.theeditorsmarket.com/product/ready-to-wear/jumpsuits/moeza-jumpsuit-lb,The Editor's Market,Moeza V-neck Jumpsuit,$59,It has a v-neckline featuring patch pockets and button fastening on the front. ,Colour: Light Denim Blue,This short-sleeved jumpsuit is made from non-stretchable and non-sheer fabric.
39,https://www.theeditorsmarket.com/product/ready-to-wear/jumpsuits/moeza-jumpsuit-db,The Editor's Market,Moeza V-neck Jumpsuit,$59,It has a v-neckline featuring patch pockets and button fastening on the front. ,Colour: Dark Denim Blue,This short-sleeved jumpsuit is made from non-stretchable and non-sheer fabric.
40,https://www.theeditorsmarket.com/product/ready-to-wear/jumpsuits/hagen-romper-bk,The Editor's Market,Hagen Cuff-hem Romper,$49,It has a square neckline with flat shoulder straps featuring cuffed hemline. ,Colour: Black/Sand Stripes,This sleeveless romper is made from non-stretchable and non-sheer fabric.
41,https://www.theeditorsmarket.com/product/ready-to-wear/jumpsuits/hagen-romper-si,The Editor's Market,Hagen Cuff-hem Romper,$49,It has a square neckline with flat shoulder straps featuring cuffed hemline. ,Colour: Sand/Ivory Stripes,This sleeveless romper is made from non-stretchable and non-sheer fabric.
42,https://www.theeditorsmarket.com/product/ready-to-wear/dresses/hawa-dress-sf,The Editor's Market,Hawa Cross-front Jumpsuit,$49,It has a v-necked cross front featuring straight-cut legs and a strap tie at waist. ,Colour: Seafoam,This sleeveless jumpsuit is made from non-stretch and non-sheer fabric.
43,https://www.theeditorsmarket.com/product/ready-to-wear/dresses/hawa-dress-wt,The Editor's Market,Hawa Cross-front Jumpsuit,$49,It has a v-necked cross front featuring straight-cut legs and a strap tie at waist. ,Colour: Wheat,This sleeveless jumpsuit is made from non-stretch and non-sheer fabric.
44,https://www.theeditorsmarket.com/product/ready-to-wear/dresses/hawa-dress-bk,The Editor's Market,Hawa Cross-front Jumpsuit,$49,It has a v-necked cross front featuring straight-cut legs and a strap tie at waist. ,Colour: Black,This sleeveless jumpsuit is made from non-stretch and non-sheer fabric.
45,https://www.theeditorsmarket.com/product/ready-to-wear/jumpsuits/hiya-tie-waist-jumpsuit-sd,The Editor's Market,Hiya Tie-Waist Jumpsuit,$49,It has a square neckline with slim shoulder straps and tie straps on the waist.,Colour: Sand,This sleeveless jumpsuit is made from non-stretch and non-sheer fabric.
46,https://www.theeditorsmarket.com/product/ready-to-wear/jumpsuits/hiya-tie-waist-jumpsuit-mg,The Editor's Market,Hiya Tie-Waist Jumpsuit,$49,It has a square neckline with slim shoulder straps and tie straps on the waist.,Colour: Moss Green,This sleeveless jumpsuit is made from non-stretch and non-sheer fabric.
47,https://www.theeditorsmarket.com/product/ready-to-wear/rompers/kiley-jumpsuit-bk,The Editor's Market,Kiley Jumpsuit,$49, ,Colour: Black,This sleeveless jumpsuit is made from textured polyester. It has a round neckline featuring an angular armhole and wide legs. Made in a relaxed fit with zip closure on the back. 
48,https://www.theeditorsmarket.com/product/ready-to-wear/rompers/kiley-jumpsuit-wh,The Editor's Market,Kiley Jumpsuit,$49, ,Colour: White,This sleeveless jumpsuit is made from textured polyester. It has a round neckline featuring an angular armhole and wide legs. Made in a relaxed fit with zip closure on the back. 
49,https://www.theeditorsmarket.com/product/ready-to-wear/rompers/hima-ribbed-jumpsuit-tb,The Editor's Market,Hima Ribbed Jumpsuit,$49, ,Colour: True Blue,"This short-sleeved jumpsuit is made from stretchable ribbed cotton jersey. It has a v-neckline featuring button closure on the front with wide legs, made in a relaxed fit. "
50,https://www.theeditorsmarket.com/product/ready-to-wear/rompers/hima-ribbed-jumpsuit-bk,The Editor's Market,Hima Ribbed Jumpsuit,$49, ,Colour: Black,"This short-sleeved jumpsuit is made from stretchable ribbed cotton jersey. It has a v-neckline featuring button closure on the front with wide legs, made in a relaxed fit. "
51,https://www.theeditorsmarket.com/product/ready-to-wear/rompers/hima-ribbed-jumpsuit-hz,The Editor's Market,Hima Ribbed Jumpsuit,$49, ,Colour: Hazelnut,"This short-sleeved jumpsuit is made from stretchable ribbed cotton jersey. It has a v-neckline featuring button closure on the front with wide legs, made in a relaxed fit. "
52,https://www.theeditorsmarket.com/product/ready-to-wear/rompers/syden-v-neck-jumpsuit-wb,The Editor's Market,Syden V-Neck Jumpsuit,$49,Fabric composition: 25% Linen 75% Nylon,Colour: White/Black Prints,"This sleeveless jumpsuit is made from cotton linen. It has a v-neckline with wide legs, made in a relaxed silhouette. Zip closure on the back with functional pockets at both sides. "
53,https://www.theeditorsmarket.com/product/ready-to-wear/rompers/syden-v-neck-jumpsuit-bw,The Editor's Market,Syden V-Neck Jumpsuit,$49,Fabric composition: 25% Linen 75% Nylon,Colour: Black/White Prints,"This sleeveless jumpsuit is made from cotton linen. It has a v-neckline with wide legs, made in a relaxed silhouette. Zip closure on the back with functional pockets at both sides. "
54,https://www.theeditorsmarket.com/product/ready-to-wear/rompers/syden-v-neck-jumpsuit-lb,The Editor's Market,Syden V-Neck Jumpsuit,$49,Fabric composition: 25% Linen 75% Nylon,Colour: Latte/Black Prints,"This sleeveless jumpsuit is made from cotton linen. It has a v-neckline with wide legs, made in a relaxed silhouette. Zip closure on the back with functional pockets at both sides. "
55,https://www.theeditorsmarket.com/product/ready-to-wear/rompers/moll-v-neck-jumpsuit-cm,The Editor's Market,Moll V-Neck Jumpsuit,$49, ,Colour: Caramel,This short-sleeved jumpsuit is made from woven polyester. It has a v-neckline with wide sleeves and an elastic waistband with tapered legs.Made in a relaxed fit with zip closure on the back. 
56,https://www.theeditorsmarket.com/product/ready-to-wear/rompers/moll-v-neck-jumpsuit-bk,The Editor's Market,Moll V-Neck Jumpsuit,$49, ,Colour: Black,This short-sleeved jumpsuit is made from woven polyester. It has a v-neckline with wide sleeves and an elastic waistband with tapered legs.Made in a relaxed fit with zip closure on the back. 
