,brand,title,price,description,colour,material
0,Boohoo,Petite One Shoulder Frill Jumpsuit,S$ 61.90,"- One shoulder ruffled overlay tie waist jumpsuit
- Asymmetrical neckline
- Unlined
- Flared fit
- Self tie waist sash
- Polyblend
- Model wears a UK 8 and is 173cm tall",White,"95% Polyester, 5% Elastane"
1,Miss Selfridge,Petite Gold Lurex Bandeau Jumpsuit,S$ 146.00,"- Sleeveless jumpsuit with textured strap details
- Unlined
- Bandeau neckline
- Regular fit
- Zip fastening
- Polyblend",Metallic,"88% Polyester, 12% Elastane"
2,Dorothy Perkins,Petite Lime Fit And Flare Dress,S$ 89.90,"- Solid-tone plain sleeveless mini dress with sash
- Lined
- Keyhole neckline
- Regular fit
- Back button closure
- Waist belt fastening
- Polyester
- Model wears a UK 8 and is 173cm tall",Yellow Green,100% Polyester
3,MISSGUIDED,Square Neck Strappy Mini Dress,S$ 39.90,"- Solid-tone ribbed strappy pencil dress
- Unlined
- Square neckline
- Slim fit
- Slip on
- Polyblend
- Model wears a UK 8 and is 173cm tall",Black,"95% Polyester, 5% Elastane"
4,Dorothy Perkins,Petite Khaki Paisley Shift Dress,S$ 89.90,"- Paisley floral print mini shift dress
- Unlined
- Round neckline
- Regular fit
- Back zip fastening
- Viscose
- Model wears a UK 6 and is 177cm tall",Green,[]
5,Wallis,Petite Black Daisy Print Midi Dress,S$ 119.00,"- Floral printed sleeveless midi dress
- Unlined
- V neckline
- Regular fit
- Button fastening
- Viscose
- Model wears a UK 8 and is 173cm tall",Black,100% Viscose
6,Miss Selfridge,PETITES BLACK STEFFI JEANS,S$ 79.90,"- Dark wash skinny jeans
- High rise
- Skinny fit
- Button and zip fastening
- 2 pocket design
- Cotton blend
- Model wears a UK 8 and is 173cm tall",BLACK,"92% Cotton, 6% Elastomultiester, 2% Elastane"
7,MISSGUIDED,Petite Asymetric Blazer Dress,S$ 74.90,"- Asymmetric style mini blazer dress
- Lined
- Wrap neckline
- Regular fit
- Button fastening
- Polyester
- Model wears a UK 8 and is 173cm tall",Black,[]
8,TOPSHOP,Petite Taylor Pink Animal Pleat Midi Skirt,S$ 66.90,"- Animal print pleated midi skirt with waist tie sash
- Unlined
- Mid rise
- Regular fit
- Elasticised waistband
- Polyester
- Model wears a UK 8 and is 174cm tall",Pink,100% Polyester
9,TOPSHOP,Petite Khaki Shacket,S$ 109.00,"- Solid tone longline jacket with pocket detail
- Collar neckline
- Regular longline fit
- Snap button closure
- 4 front pockets
- Cotton",Khaki,100% Cotton
10,Miss Selfridge,PETITE GOLD LUREX BLOUSE,S$ 76.90,"- Polka dot lurex peplum top
- V neckline
- Lined
- Regular fit
- Button fastening
- Smock waist
- Viscose blend
- Model wears a UK 8 and is 174cm tall",BLACK,"93% Viscose, 4% Polyester, 3% Metallised fibre"
11,Dorothy Perkins,Petite Black Roll Sleeve Shirt,S$ 63.90,"- Solid toned plain shirt
- Collar neckline
- Unlined
- Regular fit
- Button fastening
- 1 pocket
- Polyester",BLACK,100% Polyester
12,Miss Selfridge,Petite Ivory Floral Print Button Detail Trousers,S$ 73.90,"- Floral print cropped pants with ladder lace inserts
- High rise
- Regular fit
- Back zip fastening
- Viscose
- Model wears a UK 8 and is 173cm tall",Cream,100% Viscose
13,TOPSHOP,Petite Black Jamie Jeans,S$ 79.90,"- Monochrome plain jeans
- Mid rise
- Regular fit
- Front zip with button fastening
- 5 pockets
- Cotton blend
- Model wears a size 30 and is 174cm tall",Black,"92% Cotton, 6% Elastomultiester, 2% Elastane"
14,Miss Selfridge,Petite Black Broderie Top,S$ 83.90,"- Monochrome top with broderie detail
- Square neckline
- Regular fit
- Elasticized waistband
- Short cuffed sleeves
- Cotton
- Model wears a UK 8 and is 173cm tall",Black,100% Cotton
15,Boohoo,Petite One Shoulder Ruffle Maxi Dress,S$ 56.90,"- One shoulder maxi dress with cascading ruffles
- One shoulder neckline
- Regular fit
- Slip on style
- Polyblend",Soft Pink,95% Polyester 5% Elastane
16,Dorothy Perkins,Petite Green Ruched Pencil Dress,S$ 79.90,"- Solid tone ruched pencil midi dress
- Unlined
- V neckline
- Regular fit
- Slip on style
- Polyblend
- Model wears a UK 8 and is 173cm tall",GREEN,"95% Polyester, 5% Elastane"
17,Dorothy Perkins,Petite Soft Check Treggings,S$ 59.90,"- Houndstooth print trousers
- Mid rise
- Unlined
- Regular fit
- Button and zip fastening
- Polyblend
- Model wears a UK 8 and is 173cm tall",BLACK,"68% Viscose, 28% Nylon, 4% Elastane"
18,Dorothy Perkins,Petite Camel Spot Halter Top,S$ 59.90,"- Top with allover polka dots
- Halter neckline
- Regular fit
- Self tie rear neck closure
- Polyester
- Model wears a UK 8 and is 172cm tall",BLACK,100% Polyester
19,Boohoo,Petite One Shoulder Asymmetric Bodycon Dress,S$ 46.90,"- One shoulder bodycon dress with diagonal hem
- One shoulder neckline
- Slim fit
- Polyblend",Pink,95% Polyester 5% Elastane
20,TOPSHOP,Petite Black Rip Hem Jamie Jeans,S$ 89.90,"- Monochrome jeans with rip detail
- Medium rise
- Skinny fit
- Button & zip fastening
- 5-pocket style
- Belt loops
- Cotton blend",Black,"92% Cotton, 6% Polyester, 2% Elastane"
21,Miss Selfridge,Petite Nude Knot Front Wrap Blouse,S$ 83.90,"- Solid toned wrap blouse with front knot
- V neckline
- Unlined
- Regular fit
- Polyester",Pink,100% Polyester
22,Dorothy Perkins,Petite Latte Button Top,S$ 69.90,"- Solid tone irregular buttons shirt
- Collar neckline
- Regular fit
- Button fastening
- Faux pocket
- Polyester
- Model wears a UK 8 and is 178cm tall",TAUPE/BEIGE,100% Polyester
23,Forever New,Alexa Petite Stripe Jumpsuit,S$ 159.99,"Good things come in small packages! This ochre and porcelain stripe jumpsuit is part of our petites range. Elevate the look with block heels and statement earrings. Our petites range is perfectly proportioned to fit 5'3""/161cm and under height, so you'll never have to worry about alterations ever again.
- Fitted bodice with keyhole cut-out
- Wide relaxed leg
- Luxe crepe fabrication
- Removable self-tie belt
- Functional pockets
- Adjustable spaghetti straps 
- Zip back/hook and eye fastening  
- Lined",Ochre,"Outer: 100% Viscose. Lining: 95% Polyester, 5% Elastane"
24,TOPSHOP,PETITE Black Mom Jeans,S$ 89.90,"- Monochrome mom jeans
- High rise
- Regular fit
- Button and zip fastening
- 5 pockets
- Tapered leg
- Cotton
- Model wears a size 26 and is 173cm tall",BLACK,Garment: Cotton(100%)
25,Boohoo,Petite One Shoulder Frill Jumpsuit,S$ 61.90,"- One shoulder ruffled overlay tie waist jumpsuit
- Asymmetrical neckline
- Unlined
- Flared fit
- Self tie waist sash
- Polyblend
- Model wears a UK 8 and is 173cm tall",Black,"95% Polyester, 5% Elastane"
26,Dorothy Perkins,Petite Lime 'Honey' Top,S$ 49.90,"- Solid tone blouse with cut out detail
- Mandarin collar neckline with keyhole
- Slim fit
- Unlined
- Button fastening
- Polyester
- Model wears a UK 8 and is 173cm tall",Green,100% Polyester
27,Dorothy Perkins,Foil Teardrop Dress,S$ 99.90,"- Metallic halter neck midi dress
- Lined
- Halter neckline
- Regular fit
- Slip on
- Polyester
- Model wears a UK 8 and is 172cm tall",BLACK,100% Polyester
28,Dorothy Perkins,Petite Red Check Shift Dress,S$ 79.90,"- Checked print mini shift dress
- Unlined
- Round neckline
- Regular fit
- Back button fastening
- Two front pockets
- Polyblend
- Model wears a UK 8 and is 173cm tall",Red,"67% Polyester, 31% Viscose, 2% Elastane"
29,Wallis,Petite Bamboo Jumpsuit,S$ 139.00,"- Bamboo leaf print strappy jumpsuit
- Lined
- V neckline
- Regular fit
- Self tie fastening
- 2 side pockets
- Cotton blend
- Model wears a UK 8 and is 172cm tall",Black,"72% Cotton, 23% Polyester, 5% Elastane"
30,Boohoo,Petite One Shoulder Ruffle Maxi Dress,S$ 56.90,"- One shoulder maxi dress with cascading ruffles
- One shoulder neckline
- Regular fit
- Slip on style
- Polyblend
- Model wears a UK 8 and is 175cm tall",Black,95% Polyester 5% Elastane
31,Dorothy Perkins,Petite Black Textured Trousers,S$ 49.90,"- Solid tone textured pants
- High rise
- Regular fit
- Hook and zip fastening
- 2 pocket design
- Polyester
- Model wears an S and is 173cm tall",BLACK,100% Polyester
32,Dorothy Perkins,Petite Navy Check Shift Dress,S$ 79.90,"- Shift dress with check print
- Unlined
- Round neckline
- Regular fit
- Back zip fastening
- 2 front patch pockets
- Short sleeves
- Polyester blend
- Model wears a UK 8 and is 173cm tall",Navy Blue,"83% Polyester, 16% Viscose, 1% Elastane"
33,Dorothy Perkins,Petite Check Belted Dress,S$ 79.90,"- Shift dress with houndstooth print
- Unlined
- Round neckline
- Regular fit
- Back zip fastening
- Buckle belted waist
- 2 side pockets
- Short sleeves
- Polyester
- Model wears a UK 8 and is 173cm tall",Black,100% Polyester
34,Dorothy Perkins,Petite Black Shirt Dress,S$ 79.90,"- Buttoned dress with waist tie detail
- Collared neckline
- Regular fit
- Front button fastening
- Self-tie waist closure
- 2 chest pockets
- Half tabbed sleeves
- Polyester",Black,100% Polyester
35,Banana Republic,Parker Classic Top,S$ 123.90,"- Stripe printed shirt
- Collared neckline
- Unlined
- Regular fit
- Button fastening
- Curved hem
- Lyocell
- Model wears an S and is 173cm tall",White/Navy Stripe,100% Lyocell
36,TOPSHOP,Petite Mid Blue Mom Jeans,S$ 79.90,"- Mid blue mom jeans with distressed pocket detail
- High rise
- Relaxed fit
- Button and zip fastening
- 5 pockets
- Cotton
- Model wears a size 26 and is 173cm tall",Mid Denim,100% Cotton
37,Wallis,PETITE Black Floral Print Dress,S$ 119.00,"- Floral print ruffle detail midi waist tie dress
- V-neckline
- Lined
- Slim fit
- Zip and waist tie fastening
- Polyester
- Model wears a UK 8 and is 175cm tall",Black,100% Polyester
38,Miss Selfridge,PETITE PALE YELLOW SCARF PRINT JUMPSUIT,S$ 113.00,"- Scarf print flowy jumpsuit
- Round neckline
- Unlined
- Regular fit
- Back teardrop button fastening
- Viscose
- Model wears a UK 8 and is 176cm tall",YELLOW,100% Viscose
39,Miss Selfridge,Petite Rust Linen Romper,S$ 79.90,"- Button up romper
- Scoop neckline
- Lined
- Regular fit
- Button fastening
- Waist tie
- 2 pockets
- Viscose blend
- Model wears a UK 8 and is 173cm tall",Brown,"48% Viscose, 27% Linen, 25% Cotton"
40,TOPSHOP,PETITE Velvet Drape Mini Skirt,S$ 69.90,"- Velvet textured drape mini skirt
- Mid rise
- Lined
- Regular fit
- Polyester",BRIGHT PINK,Garment: Polyester(100%) Lining: Cotton(35%) Polyester(65%)
41,TOPSHOP,Petite Mid Blue Mom Jeans,S$ 79.90,"- Mid blue mom jeans with distressed pocket detail
- High rise
- Relaxed fit
- Button and zip fastening
- 5 pockets
- Cotton
- Model wears a size 26 and is 173cm tall",Mid Denim,100% Cotton
42,Forever New,Charlotte Petite Drape Maxi Dress,S$ 189.99,"Good things come in small packages! This berry drape maxi dress is part of our petites range. Team with nude or metallic accessories for an event-worthy ensemble. Our petites range is perfectly proportioned to fit 5’3”/161cm and under height, so you’ll never have to worry about alterations ever again.
- Fitted bodice
- Wrap front maxi skirt
- Woven drape fabrication
- Thin fixed cross over straps
- Zip back fastening",Berry Bliss,"Outer: 100% Polyester. Lining: 97% Polyester, 3% Elastane"
43,Miss Selfridge,Petite Black Floral Skirt,S$ 76.90,"- Floral printed midi skirt
- Mid rise
- Unlined
- Regular fit
- Zip fastening
- Viscose",Black,Garment: Viscose(100%)
44,Miss Selfridge,PETITES LACE EMBELLISHED TROUSERS,S$ 133.90,"- Metallic lace and mesh cropped pants
- High rise
- Regular fit
- Zip fastening
- Nylon
- Model wears a UK 8 and is 173 c tall",BLACK,Garment: Nylon(100%) Lining: Polyester(100%)
45,Dorothy Perkins,Petite Snake Fit And Flare Dress,S$ 89.90,"- Snake print fit and flare mini dress with waist tie
- Keyhole neckline
- Unlined
- Slim fit
- Button and waist tie fastening
- Polyester",Green,Garment: Polyester(100%)
46,Miss Selfridge,Petite Ivory Broderie Shell Top,S$ 59.90,"- Solid-tone plain sleeveless top with floral frills
- Unlined
- Square neckline
- Regular fit
- Polyblend
- Model wears a UK 8 and is 174cm tall",Cream,"95% Polyester, 5% Elastane"
47,Miss Selfridge,VELVET BURNOUT PLAYSUIT,S$ 106.90,"- Shirred waist velvet playsuit
- Off shoulder neckline
- Lined
- Regular fit
- Slip on style
- Viscose blend
- Model wears a UK 8 and is 174cm tall",BLACK,"57% Viscose, 43% Nylon"
48,Dorothy Perkins,Petite Lurex Pussybow Blouse,S$ 69.90,"- Sheer two-tone printed blouse
- Mandarin collar neckline
- Slim fit
- Unlined
- Self tie fastening
- Polyblend
- Model wears a UK 8 and is 173cm tall",Black,"99% Polyester, 1% Metallised fibre"
49,Miss Selfridge,Petite Ivory Linen Spot Print Skater Dress,S$ 86.90,"- Polka dot printed mini dress with waist tie sash
- Unlined
- V neckline
- Regular fit
- Button fastening
- Linen blend",Cream,Garment: Linen(53%) Viscose(47%)
50,Wallis,Petite Black Embellished Jumper,S$ 109.00,"- Diamante embellished knit jumper
- Crew neckline
- Unlined
- Regular fit
- Slip on style
- Viscose blend
- Model wears an S and is 173cm tall",Black,"81% Viscose, 19% Polyamide"
51,Dorothy Perkins,Petite Stripe Maxi Dress,S$ 69.90,"- Stripe print waist tie maxi dress
- Unlined
- V neckline
- Regular fit
- Waist tie fastening
- Viscose blend
- Model wears a UK 8 and is 181cm tall",Black,"97% Viscose, 3% Elastane"
52,Dorothy Perkins,Petite Daisy Print Tee Dress,S$ 59.90,"- Skater dress with floral print
- Unlined
- Round neckline
- Regular fit
- Slip-on style
- 2 front pockets
- Short sleeves
- Flared hem
- Cotton blend
- Model wears a UK 8 and is 174cm tall",Black,"96% Cotton, 4% Elastane"
53,Miss Selfridge,PETITES PINK PEPLUM SHIRT DRESS,S$ 73.90,"- Crinkle mini shirt dress with waist tie and ruffle hem
- Collar neckline
- Unlined
- Slim fit
- Button and waist tie fastening
- Polyester
- Model wears a UK 8 and is 173 c tall",PINK,Garment: Polyester(100%)
54,Miss Selfridge,PETITES NUDE MINI WRAP COAT,S$ 189.90,"- Solid tone tie front twill coat
- Lined
- Lapel neckline
- Regular fit
- Self tie closure
- 2 sewn front pockets
- Polyester
- Model wears a UK 8 and is 174cm tall",PINK,100% Polyester
55,Dorothy Perkins,Petite Ivory Floral Midi Dress,S$ 109.00,"- Floral print midi dress
- Unlined
- Round neckline
- Regular fit
- Back zip fastening
- Polyester
- Model wears a UK 8 and is 181cm tall",Ivory,100% Polyester
56,Dorothy Perkins,Petite Blue Floral Dress,S$ 99.90,"- Floral print button through tie front mini dress
- Unlined
- Collar neckline
- Regular fit
- Front button closure
- Front tie fastening
- Viscose
- Model wears a UK 8 and is 173cm tall",Blue,100% Viscose
57,TOPSHOP,Petite Satin Ruched Prairie Blouse,S$ 56.90,"- Solid tone 3/4 sleeve blouse with ruched detail
- Unlined
- Square neckline
- Slim fit
- Polyester
- Model wears a UK 8 and is 176cm tall",Black,100% Polyester
58,TOPSHOP,PETITE Khaki Double Breasted Lined Blazer,S$ 109.00,"- Solid tone tailored blazer
- Notch lapel collared neckline
- Lined
- Regular fit
- Button fastening
- Viscose blend",KHAKI,"92% Viscose, 8% Polyester"
59,Wallis,PETITE Cream Printed Shift Dress,S$ 109.00,"- Floral print sleeveless mini shift dress
- Lined
- Round neckline
- Regular fit
- Back zip and button fastening
- Viscose
- Model wears a UK 8 and is 174cm tall",Cream,100% Viscose
60,TOPSHOP,PETITE Cream Faux Fur Zip Hoodie,S$ 79.90,"- Soft textured faux fur hoodie
- Hooded neckline
- Lined
- Slim fit
- Front zip fastening
- Ribbed cuffs and hem
- Polyester
- Model wears an XS/S and is 173cm tall",CREAM,Garment: Polyester(100%) Lining: Cotton(60%) Polyester(40%)
61,Miss Selfridge,Petite Gold Jacquard Midi Skirt,S$ 116.90,"- Jacquard print midi skirt
- Mid rise
- Unlined
- Regular fit
- Zip with hook fastening
- Cotton blend",Metallic,"59% Cotton, 33% Polyester, 8% Metallised fibre"
62,Wallis,PETITE Red Paisley Print Maxi Dress,S$ 129.00,"- Paisley printed sleeveless maxi dress with tassel
- Comes with waist tie sash
- Unlined
- Stand collar v neckline
- Regular fit
- Viscose blend
- Model wears a UK 8 and is 170cm tall",Orange,[]
63,Wallis,Petite Blue Paisley Midi Dress,S$ 129.00,"- Paisley printed midi dress
- Lined
- V neckline
- Regular fit
- Zip fastening
- Polyester
- Model wears a UK 8 and is 170cm tall",Blue,Polyester
64,Dorothy Perkins,Petite Paisley Shirt Dress,S$ 89.90,"- Mini dress with allover print
- Unlined
- Shirt collar
- Regular fit
- Front button fastening
- Self-tie waist closure
- Viscose",Orange,100% Viscose
65,Miss Selfridge,Petite Cream Teddy Bomber Jacket,S$ 139.90,"- Solid tone fleece textured teddy bomber jacket
- Collared neckline
- Lined
- Regular fit
- Zip fastening
- 2 side zip pockets
- Polyester
- Model wears a UK 8 and is 177cm tall",Cream,100% Polyester
66,TOPSHOP,PETITE Black Faux Fur Zip Hoodie,S$ 79.90,"- Solid shade faux fur zip front hoodie
- Hooded neckline
- Relaxed fit
- Front zip fastening
- Polyester",Black,100% Polyester
67,Miss Selfridge,Petite White Jacquard Midi Dress,S$ 163.00,"- Ruffled one shoulder metallic jacquard midi dress
- Unlined
- Asymmetrical neckline
- Regular fit
- Side zip fastening
- Cotton blend
- Model wears a UK 8 and is 173cm tall",Metallic,"59% Cotton, 33% Polyester, 8% Metallised fibre"
68,Dorothy Perkins,Petite Black Frankie Pants,S$ 56.90,"- Solid-tone skinny crop pants
- Unlined
- Mid rise
- Regular fit
- 2 faux side pockets
- 2 rear pockets
- Cotton blend
- Model wears a UK 8 and is 177cm tall",Black,"66% Cotton, 32% Polyester, 2% Elastane"
69,TOPSHOP,PETITE Black Metallic Thread Joni Jeans,S$ 99.90,"- Metallic tone high waisted skinny jeans
- High rise
- Skinny fit
- Zip fly and butotn fastening
- 2 back pockets
- Cotton blend
- Model wears a size 26 and is 173cm tall",BLACK,Garment: Cotton(80%) Elastane(4%) Metallic fibre(16%)
70,Miss Selfridge,Petite Cream Utility Floral Shirt Dress,S$ 99.90,"- Floral print belted utility shirt dress
- Unlined
- Lapel neckline
- Regular fit
- Front button and adjustable belt fastening
- One chest pocket
- Viscose blend",Cream,"51% Viscose, 28% Cotton, 21% Linen"
71,Miss Selfridge,Petite Yellow Tie Front Utility Shirt,S$ 73.90,"- Solid shade tie front utility shirt with tie sleeves
- Lapel neckline
- Unlined
- Boxy fit
- Front button and self tie fastening
- Two chest pockets
- Viscose
- Model wears a UK 8 and is 174cm tall",Yellow,100% Viscose
72,TOPSHOP,PETITE Washed Black Double Rip Mom Jeans,S$ 99.90,"- Washed effect double rip denim mom jeans
- High rise
- Regular fit
- Front zip and button fastening
- Five pocket style
- Cotton",Washed Black,100% Cotton
73,TOPSHOP,PETITE Rich Blue Mom Jeans,S$ 89.90,"- Medium wash mom jeans
- High rise
- Relaxed fit
- Button and zip fastening
- 5 pocket design
- Cotton
- Model wears a size 26 and is 173 c tall",BLUE,Garment: Cotton(100%)
74,Boohoo,Petite High Waisted Woven Wide Leg Trousers,S$ 46.90,"- Wide pants with dart detail
- High rise
- Relaxed fit
- Back zip fastening
- Wide legs
- Polyester blend
- Model wears a UK 8 and is 174cm tall",Wine,Blend
75,TOPSHOP,Petite Vintage Indigo Raw Hem Jamie Jeans,S$ 89.90,"- Solid-colour stretchy skinny jeans
- High rise
- Slim fit
- Zip-fly and button fastening
- 5 pockets
- Cotton blend",Indigo,"93% Cotton, 5% Elastomultiester, 2% Elastane"
76,Miss Selfridge,PETITES PINK DOBBY SMOCK DRESS,S$ 83.90,"- Textured frill trims mini ruffle skirt dress with front tie detail
- High neckline
- Lined
- Slim fit
- Self tie fastening
- Polyester
- Model wears a UK 8 and is 173 c tall",PINK,Garment: Polyester(100%) Lining: Polyester(100%)
77,Miss Selfridge,Petite Gold Lurex Maxi Dress,S$ 139.90,"- Sleeveless midi dress with gold details
- Unlined
- V neckline
- Regular fit
- Zip fastening
- Polyester",Black,100% Polyester
78,Boohoo,Petite Bardot Frill Fish Tail Maxi Dress,S$ 56.90,"- Tiered overlay detail maxi dress
- One shoulder neckline
- Regular fit
- Slip on style
- Polyblend",Soft Pink,95% Polyester 5% Elastane
79,Wallis,Petite Navy Floral Print Ruffle Wrap Dress,S$ 139.00,"- Floral print tie waist ruffled midi dress
- Lined
- Wrap neckline
- Regular fit
- Elasticated waistband
- Polyester
- Model wears a UK 8 and is 170cm tall",Navy Blue,[]
80,MISSGUIDED,Petite Cold Shoulder Midi Dress,S$ 63.90,"- Polka dot print cold shoulder midi dress
- Unlined
- V neckline
- Regular fit
- Back zip and waist tie fastening
- Polyblend
- Model wears a UK 8 and is 173cm tall",Black,Polyester
81,Miss Selfridge,Petite Gold Lurex Smock Dress,S$ 93.90,"- Polka dot lurex smock dress
- High neckline
- Lined
- Regular fit
- Button fastening
- Waist tie
- Viscose blend
- Model wears a UK 8 and is 174cm tall",Black,"93% Viscose, 4% Polyester, 3% Metallised fibre"
82,Dorothy Perkins,Petite Rose Wrap Front Maxi Dress,S$ 109.00,"- Wrap dress with ruffle detail
- Unlined
- V-neckline
- Side zip fastening
- D-ring buckled belt
- Short sleeves
- Flared hem
- Polyester
- Model wears a UK 8 and is 178cm tall",Pink,100% Polyester
83,Wallis,Ivory Lace Shift Dress,S$ 139.00,"- Solid shade crochet lace midi shift dress
- Sizing runs one size larger
- Lined
- Round neckline
- Regular fit
- Back zip fastening
- Polyester
- Model wears a UK 8 and is 170cm tall",Cream,Polyester
84,Wallis,Petite Pink Colour Block Pleated Dress,S$ 159.00,"- Multi hue printed plisse textured midi dress
- Lined
- V neckline
- Regular fit
- Back zip and waist tie fastening
- Polyester
- Model wears a UK 8 and is 174cm tall",Pink,100% Polyester
85,Wallis,Petite Black Studded Shift Dress,S$ 89.00,"- Shift dress with stud detail
- Unlined
- Round neckline
- Regular fit
- Back zip fastening
- Short sleeves
- Polyester blend
- Model wears a UK 8 and is 173cm tall",Black,"75% Polyester, 23% Viscose, 2% Elastane"
86,TOPSHOP,PETITE Deep Funnel Neck Jumper,S$ 89.90,"- Solid tone knit textured oversized jumper
- High neckline
- Unlined
- Relaxed fit
- Slip on style
- Acrylic blend",RUST,"79% Acrylic, 19% Polyester, 2% Elastane"
87,Wallis,PETITE Khaki Paisley Printed Jumpsuit,S$ 129.00,"- Paisley print tie waist sleeveless jumpsuit
- Round neckline
- Unlined
- Regular fit
- Back zip and tie waist fastening
- Two side pockets
- Viscose
- Model wears a UK 8 and is 174cm tall",Khaki/Olive,100% Viscose
88,TOPSHOP,PETITE Black Faux Leather Vinyl Mini Skirt,S$ 59.90,"- Faux leather mini skirt
- Mid rise
- Regular fit
- Zip fastening
- Polyurethane",BLACK,Garment: Polyurethane(100%)
89,TOPSHOP,PETITE Black Wash Jamie Jeans,S$ 89.90,"- Dark washed toned jeans
- Mid rise
- Skinny fit
- Front zip with button fastening
- 5 pockets
- Cotton blend",BLACK,Garment: Cotton(93%) Elastane(2%) Polyester(5%)
90,Wallis,Petite Ivory Floral Tiered Hem Dress,S$ 139.00,"- Floral print asymmetrical ruffle hem midi dress
- Lined
- Round neckline
- Regular fit
- Back zip fastening
- Polyester",White,100% Polyester
91,Dorothy Perkins,Petite Berry Pu Mini Skirt,S$ 49.90,"- Faux leather mini skirt
- Mid rise
- Unlined
- Regular fit
- Zip fastening
- Polyurethane",PURPLE,100% Polyurethane
92,Miss Selfridge,Petite Ivory Broderie Dress,S$ 99.90,"- Monochrome broderie lace dress with bunny tie detail
- Square neckline
- Lined
- Regular fit
- Side zip fastening
- Cotton
- Model wears a UK 6 and is174cm< tall",Cream,Cotton
93,Dorothy Perkins,Petite Paisley Midi Skirt,S$ 69.90,"- Midi skirt with allover print
- High rise
- Regular fit
- Elasticised waistband
- Front button fastening
- Self-tie waist closure
- 2 pockets
- Viscose",Orange,100% Viscose
94,Boohoo,Petite One Shoulder Asymmetric Bodycon Dress,S$ 46.90,"- One shoulder bodycon dress with diagonal hem
- One shoulder neckline
- Slim fit
- Polyblend",Black,95% Polyester 5% Elastane
95,Banana Republic,Petite Shortsleeve Piped Crew Blouse,S$ 87.90,"- Blouse with allover print
- Round neckline
- Regular fit
- Slip on style
- Polyester
- Model wears an S/PETITE and is 174cm tall",Fresh Leaf,100% Polyester
96,Dorothy Perkins,Petite Stripe Wide Leg Trouser,S$ 73.90,"- Striped wide-legged pants
- High rise
- Relaxed fit
- Hook and zip fastening
- 2 pocket design
- Viscose blend",Light Brown,Garment: Cotton(17%) Viscose(83%) Lining: Polyester(100%)
97,Dorothy Perkins,Petite Navy Ruched Sleeve Blazer,S$ 69.90,"- Casual blazer with ruched sleeves
- Notch lapels
- Regular fit
- Slip-on style
- Quarter sleeves
- Polyester blend",Navy Blue,"73% Polyester, 19% Viscose, 8% Elastane"
98,Boohoo,Petite Plunge Ruffle Belt Midi Dress,S$ 37.90,"- Ruffle wrap midi dress
- Plunging V neckline
- Regular fit
- Waist tie fastening
- Polyblend
- Model wears a UK 8 and is 175cm tall",Black,95% Polyester 5% Elastane
99,Forever New,Annalise Petite Flippy Dress,S$ 149.99,"Good things come in small packages! This berry pink dress with tiered flippy skirt is part of our petites range. Opt for it when dressing for your next day event and pair the cute and classic style with gold-tone jewellery and a tonal clutch to match. Our petites range is perfectly proportioned to fit 5'3""/161cm and under height, so you'll never have to worry about alterations ever again.
- Length: 79cm (Size AU 8)
- Relaxed fit
- Soft woven fabrication
- Back keyhole detail with tie
- Tiered skirt with flippy hem
- Invisible zip back/hook and eye fastening
- Fully lined",BERRY BLISS,"Outer: 100% Polyester. Lining: 95% Polyester, 5% Elastane"
100,Forever New,Zoe Petite Halter Jumpsuit,S$ 159.99,"Good things come in small packages! This navy and white stripe halter jumpsuit is part of our petites range. Style with embellished sandals or strappy nude heels for an effortless event-ready look. Our petites range is perfectly proportioned to fit 5’3”/161cm and under height, so you’ll never have to worry about alterations ever again.
- Halter neck tie bodice
- Relaxed leg
- Lightweight woven fabrication
- Zip back/hook and eye fastening
- Lined",Navy & Porcelain Stripe,"Outer: 96% Polyester, 4% Viscose. Lining: 100% Polyester"
101,Wallis,PETITE Red Studded Shift Dress,S$ 89.00,"- Solid shade studded detail mini shift dress
- Unlined
- Round neckline
- Regular fit
- Back zip fastening
- Polyblend
- Model wears a UK 8 and is 172cm tall",Red,"90% Polyester, 5% Viscose, 5% Elastane"
102,TOPSHOP,IDOL Black Chiffon Pleated Midi Skirt,S$ 89.90,"- Monochrome chiffon pleated midi skirt
- Lined
- Regular fit
- Elasticated waistband
- Polyester",Black,100% Polyester
103,Dorothy Perkins,Petite Navy Stripe Button Through Top,S$ 39.90,"- Stripe print rib textured top
- Round neckline
- Unlined
- Regular fit
- Slip on style
- Viscose blend
- Model wears a UK 8 and is 173cm tall",NAVY BLUE,"94% Viscose, 6% Elastane"
104,TOPSHOP,PETITE Mid Blue Jamie Jeans,S$ 83.90,"- Mid wash denim skinny jeans
- High rise
- Skinny fit
- Front zip and button fastening
- Five pocket style
- Cotton blend",Mid Denim,"94% Cotton, 5% Polyester, 1% Elastane"
105,Dorothy Perkins,Petite Khaki Round Neck Top,S$ 59.90,"- Sleeve tie tort button detail blouse
- Round neckline
- Unlined
- Regular fit
- Button and sleeve tie fastening
- Polyester
- Model wears a UK 8 and is 173cm tall",GREEN,100% Polyester
106,Boohoo,Petite Bardot Frill Fish Tail Maxi Dress,S$ 56.90,"- Tiered overlay detail maxi dress
- One shoulder neckline
- Regular fit
- Slip on style
- Polyblend
- Model wears a UK 8 and is 175cm tall",Navy,[]
107,Miss Selfridge,Petite Textured Dress,S$ 79.90,"- Mini dress with puffed sleeves
- Unlined
- V neckline
- Regular fit
- Slip on style
- Self-tie waist closure
- Polyblend
- Model wears a UK 8 and is 174cm tall",Cream,"97% Polyester, 3% Elastane"
108,Dorothy Perkins,Petite Foil High Neck Top,S$ 69.90,"- Solid-colour metallic top
- Halter neckline
- Regular fit
- Rear button fastening
- Polyester",Metallic,100% Polyester
109,Miss Selfridge,PETITE GREEN OPEN WEAVE BLAZER,S$ 139.00,"- Pastel toned open weave blazer
- Lapel neckline
- Lined
- Regular fit
- Button fastening
- Polyester
- Model wears a UK 8 and is 174cm tall",Light Green,[]
110,Dorothy Perkins,Petite Ochre Spot Bardot Dress,S$ 73.90,"- Polka dot print cap sleeve midi dress with button detail
- Unlined
- Off shoulder neckline
- Slim fit
- Slip on
- Viscose blend
- Model wears a UK 8 and is 173cm tall",Orange,"97% Viscose, 3% Elastane"
111,Dorothy Perkins,Petite Floral Roll Sleeve Blouse,S$ 69.90,"- Flowy top with floral print
- Collar neckline
- Regular fit
- Front button fastening
- 1 chest pocket
- Long tabbed sleeves
- Curved hem
- Polyester
- Model wears a UK 8 and is 173cm tall",Peach,100% Polyester
112,Dorothy Perkins,Petite Khaki Cargo Trouser,S$ 69.90,"- Solid toned cargo trousers
- Mid rise
- Regular fit
- Front zip with button fastening
- 4 pockets
- Cotton blend",GREEN,"69% Cotton, 26% Lyocell, 5% Elastane"
113,Miss Selfridge,Petite Black Fan Bardot Maxi Dress,S$ 173.00,"- Solid-tone strapless long dress
- Lined
- Bandeau neckline
- Regular fit
- Back zip and hook closure
- Elastic band
- Polyblend
- Model wears a UK 8 and is 170cm tall",Black,"94% Polyester, 6% Elastane"
114,Dorothy Perkins,Petite Navy Roll Sleeve Shirt,S$ 56.90,"- Solid tone half placket shirt with chest pocket
- Unlined
- Collar neckline
- Regular fit
- Front button closure
- 1 chest pocket
- Polyester
- Model wears a UK 8 and is 174cm tall",NAVY BLUE,[]
115,Dorothy Perkins,Billie Petite Navy Floral Midi Dress,S$ 109.00,"- Semi floral print waist tie midi dress
- Lined
- Round neckline
- Regular fit
- Back zip and waist tie fastening
- Polyester
- Model wears a UK 8 and is 173cm tall",NAVY BLUE,100% Polyester
116,Dorothy Perkins,Petite Black 'Eleanor' Skirt,S$ 69.90,"- Floral-print midi skirt
- Unlined
- High rise
- Regular fit
- Elastic waistband
- Tie belt
- 2 pockets
- Polyester
- Model wears an M and is 170cm tall",Black,100% Polyester
117,Dorothy Perkins,Petite Midwash Harper Jean,S$ 63.90,"- Solid tone slim jeans
- High rise
- Slim fit
- Button and zip fastening
- 5 pocket design
- Cotton blend
- Model wears a UK 8 and is 173cm tall",BLUE,"99% Cotton, 1% Lycra/Elastane"
118,Banana Republic,Sleeveless Pleat Tank Top,S$ 80.90,"- Sleeveless dotted print top
- V-neckline
- Unlined
- Regular fit
- Polyester
- Model wears an S/PETITE and is 175cm tall",Abstract Dot Print,100% Polyester
119,Boohoo,Petite One Shoulder Frill Jumpsuit,S$ 61.90,"- One shoulder ruffled overlay tie waist jumpsuit
- Asymmetrical neckline
- Unlined
- Flared fit
- Self tie waist sash
- Polyblend
- Model wears a UK 8 and is 173cm tall",Blue,"95% Polyester, 5% Elastane"
120,Miss Selfridge,Petite Pink Spot Jacquard Blouse,S$ 83.90,"- Polka dot print jacquard blouse
- V neckline
- Unlined
- Regular fit
- Front tie fastening
- Polyblend
- Model wears a UK 8 and is 177cm tall",Pink,"97% Polyester, 3% Elastane"
121,Forever New,Mandy Petite One Shoulder Drape Maxi Dress,S$ 199.99,"Good things come in small packages! This emerald green drape maxi dress is part of our petites range. Pair with a strappy heel and statement jewellery to finish the look. Our petites range is perfectly proportioned to fit 5'3 & under /161cm  height, so you will never have to worry about alterations ever again.
- Fitted one shoulder bodice
- Wrap front maxi skirt  
- Luxurious woven fabrication
- Flattering pleat detail 
- Side zip fastening
- Fully lined",Green Bay,"Outer: 100% Polyester. Lining: 95% Polyester, 5% Elastane"
122,Banana Republic,Petite Sloan Texture Pants,S$ 133.90,"- Textured skinny fit ankle pants
- Unlined
- Mid rise
- Skinny fit
- Front zip and hook closure
- 4 faux pockets
- Cotton blend",Grey,"58% Cotton, 37% Viscose, 5% Elastane"
123,Dorothy Perkins,Lemon Leaf Fit And Flare Dress,S$ 99.90,"- Tropical print waist sash mini dress
- Unlined
- V neckline
- Regular fit
- Back zip and waist sash fastening
- Polyester",Yellow,100% Polyester
124,Dorothy Perkins,Billie & Blossoms Petite Mint Tie Sleeve Top,S$ 59.90,"- Solid tone slit sleeve blouse
- Round neckline
- Partially lined
- Regular fit
- Sleeve tie fastening
- Polyester
- Model wears a UK 8 and is 173cm tall",DARK GREEN,100% Polyester
125,Dorothy Perkins,Petite Black Bodycon Dress,S$ 49.90,"- Woven textured solid tone dress
- Boat neckline
- Unlined
- Slim fit
- Slip on style
- Polyblend
- Model wears a UK 8 and is 173cm tall",Black,[]
126,TOPSHOP,PETITE Mid Stone Button Fly Jamie Jeans,S$ 89.90,"- Medium wash skinny jeans
- High rise
- Skinny fit
- Button fastening
- 5 pocket design
- Cotton blend
- Model wears a size 26 and is 173 c tall",MID DENIM,Garment: Cotton(93%) Elastomultiester(5%) Elastane(2%)
127,Dorothy Perkins,Petite Blue Ruffle Midi Dress,S$ 119.00,"- Floral print tiered hem midi dress
- Unlined
- V neckline
- Regular fit
- Side zip and waist tie fastening
- Polyester
- Model wears a UK 8 and is 181cm tall",Blue,100% Polyester
128,Dorothy Perkins,Petite Black PU Mini Skirt,S$ 49.90,"- Monochrome faux leather skirt
- Medium rise
- Regular fit
- Back zip fastening
- Polyurethane",Black,100% Polyurethane
129,MISSGUIDED,Petite Cold Shoulder Midi Dress,S$ 63.90,"- Polka dot print cold shoulder midi dress
- Unlined
- V neckline
- Regular fit
- Back zip and waist tie fastening
- Polyblend
- Model wears a UK 8 and is 173cm tall",Black,Polyester
130,Miss Selfridge,Petite Black Fine Knit Bardot Jumper,S$ 59.90,"- Monochrome ribbed knit bardot jumper
- Bardot neckline
- Unlined
- Slim fit
- Slip on
- Viscose blend
- Model wears a UK 8 and is 177cm tall",Black,"80% Viscose, 15% Nylon, 5% Elastane"
131,TOPSHOP,Petite Mid Wash Jamie Jeans,S$ 83.90,"- Denim jeans with wash detail
- Medium rise
- Regular fit
- Button & zip fastening
- 5-pocket style
- Belt loops
- Cotton blend
- Model wears a size 26 and is 173cm tall",Mid Denim,"92% Cotton, 6% Polyester, 2% Elastane"
132,Wallis,PETITE Black Floral Print Ruched Top,S$ 99.90,"- Cap sleeve floral printed top with asymmetrical hem
- Round neckline
- Unlined
- Regular fit
- Polyblend
- Model wears an S and is 170cm tall",Black,Blend
133,Boohoo,Petite Tie Waist Formal Wiggle Midi Dress,S$ 40.90,"- Waist tie midi dress with wide sleeves
- Round neckline
- Regular fit
- Waist tie
- Polyblend",Pink,"95% Polyester, 5% Elastane"
134,Wallis,PETITE Black Sparkle Overlay Top,S$ 89.00,"- Embellished sheer overlay top
- Round neckline
- Unlined
- Regular fit
- Polyester
- Model wears an S and is 172cm tall",Black,100% Polyester
135,Banana Republic,Petite Wrap Sheath Skirt Dress,S$ 177.90,"- Sheath dress with dart detail
- Unlined
- Round neckline
- Regular fit
- Back zip fastening
- Short sleeves
- Front hem split
- Cotton blend
- Model wears a size 0 PETITE and is 172cm tall",Grey,"52% Cotton, 43% Rayon, 5% Spandex"
136,Dorothy Perkins,Petite Navy Check Ankle Grazer,S$ 59.90,"- Plaid print pleated crop pants
- High rise
- Regular fit
- 2 side pockets
- Polyblend",Navy Blue,"65% Polyester, 35% Viscose"
137,Wallis,Petite Black Polka Dot Dress,S$ 119.00,"- Polka dot print tie waist fit and flare dress
- Unlined
- V-neckline
- Regular fit
- Back zip fastening
- Viscose
- Model wears a UK 8 and is 177cm tall",Black,100% Viscose
138,TOPSHOP,PETITE Black Borg Coat,S$ 129.00,"- Monochrome button front borg coat
- Collared neckline
- Relaxed fit
- Front button fastening
- Two chest pockets
- Two side pockets
- Polyester",Black,100% Polyester
139,TOPSHOP,Petite Grey Jumper,S$ 79.90,"- Solid tone ribbed knitted jumper
- High neckline
- Regular fit
- Slip on style
- Acrylic blend",Grey Marl,"77% Acrylic, 20% Polyester, 3% Elastane"
140,Wallis,PETITE Silver Sequin Embellished Longline Cardigan,S$ 89.00,"- Metallic long sleeve cardigan
- Unlined
- Open front
- Relaxed fit
- Nylon blend
- Model wears an S and is 173cm tall",Silver,"92% Nylon, 5% Elastane, 3% Metallised fibre"
141,Miss Selfridge,Petite Black Peplum Shirt Dress,S$ 73.90,"- Monochrome tie waist peplum hem shirt dress
- Unlined
- Collared neckline
- Regular fit
- Front button and tie waist fastening
- Polyester
- Model wears a UK 8 and is 177cm tall",Black,100% Polyester
142,Dorothy Perkins,Petite Black Belted Shirt Dress,S$ 89.90,"- Solid tone waist tie shirt midi dress
- Unlined
- Standard collared neckline
- Regular fit
- Front button and waist tie fastening
- Polyester
- Model wears a UK 8 and is 173cm tall",BLACK,100% Polyester
143,Miss Selfridge,Petite Ochre Scuba Midi Dress,S$ 76.90,"- Plain sleeveless midi dress
- Unlined
- Sweetheart neckline
- Regular fit
- Polyblend",Yellow,Garment: Elastane(4%) Polyester(96%) Lining: Polyester(100%)
144,Miss Selfridge,Petite Black Peplum Shirt Dress,S$ 73.90,"- Monochrome tie waist peplum hem shirt dress
- Unlined
- Collared neckline
- Regular fit
- Front button and tie waist fastening
- Polyester
- Model wears a UK 8 and is 177cm tall",Black,100% Polyester
145,TOPSHOP,PETITE Dusty Blue Peg Trousers,S$ 79.90,"- Solid shade peg trousers with front pleats detailing
- High rise
- Regular fit
- Front zip and button fastening
- Two side pockets
- Viscose blend",Light Blue,"92% Viscose, 8% Polyester"
146,Forever New,Gerrie Petite Cross Front Jumpsuit,S$ 169.99,"Good things come in small packages! This chic black jumpsuit is part of our petites range. With statement split front detail, this style is perfect for your next special event. Our petites range is perfectly proportioned to fit 5’3”/161cm and under height, so you’ll never have to worry about alterations ever again.
- Fitted bodice

- Wide, relaxed leg

- Luxurious woven fabrication

- Statement split detail

- Adjustable spaghetti straps

- Zip back/hook and eye fastening

- Fully lined",Black,Polyester
147,Miss Selfridge,Petite Multi Colour Gingham Plisse Skirt,S$ 59.90,"- Multi toned pleated mini dress
- Mid rise
- Unlined
- Regular fit
- Elasticised waistband
- Polyester",Navy Blue,Garment: Polyester(100%)
148,TOPSHOP,Petite Pleat Cami,S$ 43.90,"- Solid tone pleat detail cami top
- V neckline
- Unlined
- Regular fit
- Slip on style
- Adjustable shoulder straps
- Polyester",Black,100% Polyester
149,Wallis,Petite Black Chain Print Shift Dress,S$ 99.00,"- Chain print mini dress with studs detail
- Round neckline
- Unlined
- Regular fit
- Polyblend",Black,"97% Polyester, 3% Elastane"
150,TOPSHOP,Petite Ivory Boucle Coat,S$ 179.00,"- Textured coat with longline hem
- Unlined
- Regular fit
- Front button fastening
- 2 pockets
- Polyester",Ivory,100% Polyester
151,TOPSHOP,Petite Washed Black Jamie Jeans,S$ 83.90,"- Faded denim skinny jeans
- High rise
- Unlined
- Skinny fit
- Button fastening
- Cotton blend",Washed Black,"92% Cotton, 6% Polyester, 2% Elastane"
152,TOPSHOP,PETITE Black Hardwear Detail Mini Skirt,S$ 73.90,"- Faux leather skirt with belt detail
- High rise
- Regular fit
- Zip fastening
- 2 pockets
- Polyurethane",Black,100% Polyurethane
153,Dorothy Perkins,Amazon Print Halter Top,S$ 59.90,"- Haltertop with allover print
- Halter neckline
- Regular fit
- Rear button fastening
- Polyester",Multi Bright,100% Polyester
154,Dorothy Perkins,Petite Navy Lace Pencil Dress,S$ 109.00,"- Short sleeved lace crochet dress
- Lined
- Round neckline
- Regular fit
- Zip fastening
- Polyester
- Model wears a UK 8 and is 170cm tall",Navy Blue,100% Polyester
155,Dorothy Perkins,Petite Zebra Pleated Midi Skirt,S$ 89.90,"- Midi skirt with zebra print
- High waist
- Regular fit
- Elasticised waistband
- Self-tie waist fastening
- Polyester",BLACK,100% Polyester
156,Wallis,PETITE Black Eyelet High Neck Jumper,S$ 79.00,"- Long sleeve top with eyelet detail
- Unlined
- High neckline
- Regular fit
- Viscose blend
- Model wears a UK 8 and is 172cm tall",Black,"82% Viscose, 18% Nylon"
157,TOPSHOP,Petite White Button Front Polo,S$ 36.90,"- Cropped button up polo tee
- Collared neckline
- Unlined
- Regular fit
- Button fastening
- Cotton blend",WHITE,Garment: Cotton(95%) Lycra/Elastane(5%)
158,TOPSHOP,PETITE Velvet Faux Fur Coat,S$ 149.00,"- Solid shade faux fur velvet coat
- Lapel neckline
- Lined
- Relaxed fit
- Front button fastening
- Polyester",Brown,100% Polyester
159,Dorothy Perkins,Petite Black Ruched Sleeve Blazer,S$ 69.90,"- Casual blazer with ruched detail
- Notch lapels
- Regular fit
- Slip-on style
- Quarter sleeves
- Polyester blend",Black,"73% Polyester, 19% Viscose, 8% Elastane"
160,Boohoo,Petite Horn Button Belted Wrap Dress,S$ 46.90,"- Button front tie waist textured mini dress
- Unlined
- V-neckline
- Regular fit
- Self tie waist sash
- Polyblend
- Model wears a UK 8 and is 173cm tall",Black,"95% Polyester, 5% Elastane"
161,Boohoo,Petite Bardot Frill Fish Tail Maxi Dress,S$ 56.90,"- Tiered overlay detail maxi dress
- Bardot neckline
- Regular fit
- Slip on style
- Polyblend
- Model wears a UK 8 and is 175cm tall",Black,95% Polyester 5% Elastane
162,TOPSHOP,Petite Ditsy Print Chuck On Dress,S$ 79.90,"- Ditsy floral printed dress
- V neckline
- Regular fit
- Back tie detail
- Polyblend",GREEN,Garment: Elastane(4%) Polyester(96%)
163,Forever New,Holly Petite Cowl Neck Midi Dress,S$ 179.99,"Good things come in small packages! This blush cowl neck dress is part of our petites range. Style yours with a strappy heel and sparkling drop earrings for event-ready appeal. Our petites range is perfectly proportioned to fit 5""3'/161cm and under height, so you'll never have to worry about alterations ever again.
- Fitted bodice with cowl neckline
- Gathered midi skirt
- Luxurious satin fabrication
- Adjustable spaghetti straps
- Zip back/hook and eye fastening
- Lined",Blush,"Outer: 100% Polyester. Lining: 95% Polyester, 5% Elastane"
164,Dorothy Perkins,Petite Blue Floral Midi Dress,S$ 119.00,"- Floral printed lace dress with frilled details
- Lined
- V neckline
- Regular fit
- Zip fastening
- Polyester
- Model wears a UK 8 and is 177cm tall",Blue,Polyester
165,Dorothy Perkins,Petite Ginger Stripe Trousers.,S$ 59.90,"- Stripe-print stretch cropped pants
- Unlined
- High rise
- Slim fit
- Front zip and hook closure
- Polyblend
- Model wears a UK 6 and is 177cm tall",Multi Bright,Garment: Elastane(4%) Polyester(96%)
166,Wallis,Petite Orange Paisley Printed Shift Dress,S$ 119.00,"- Floral print sleeveless V neck midi dress
- Lined
- V neckline
- Regular fit
- Back button closure
- Viscose
- Model wears a UK 8 and is 178cm tall",Orange,100% Viscose
167,Dorothy Perkins,Petite Floral Fit And Flare Dress,S$ 99.90,"- Floral print waist tie midi dress 
- Round neckline
- Unlined
- Slim fit
- Zip and waist tie fastening
- Viscose
- Model wears a UK 8 and is 178cm tall",BLACK,100% Viscose
168,Dorothy Perkins,Petite Berry Bodycon Dress,S$ 49.90,"- Solid tone plain short sleeve bodycon dress
- Round neckline
- Regular fit
- Polyblend",RED,"96% Polyester, 4% Elastane"
169,TOPSHOP,Petite Ditsy Print Chuck On Dress,S$ 79.90,"- Ditsy floral printed dress
- V neckline
- Regular fit
- Back tie detail
- Polyblend",GREEN,Garment: Elastane(4%) Polyester(96%)
170,Dorothy Perkins,Petite Berry Pu Mini Skirt,S$ 49.90,"- Faux leather mini skirt
- Mid rise
- Unlined
- Regular fit
- Zip fastening
- Polyurethane",PURPLE,100% Polyurethane
171,Miss Selfridge,PETITE Beige Funnel Neck Coat,S$ 166.90,"- Solid tone fleece coat
- High neckline
- Lined
- Regular fit
- Button and zip fastening
- 2 pocket design
- Polyester
- Model wears a UK 8 and is 173cm tall",TAUPE/BEIGE,100% Polyester
172,Miss Selfridge,PETITE PINK TUX BLAZER DRESS,S$ 79.90,"- Solid tone sleeveless mini dress with button detail
- Unlined
- Surplice neckline
- Regular fit
- Slip on
- Polyblend
- Model wears a UK 8 and is 174cm tall",PINK,"95% Polyester, 5% Elastane"
173,[],[],[],[],[],[]
174,Forever New,Pauline Petite Flippy Hem Dress,S$ 159.99,"Good things come in small packages! Made from a woven linen-blend fabric, this belted, peach flippy hem mini dress is part of our petites range. Wear yours with strappy white sandals and a white crossbody bag. Our petites range is perfectly proportioned to fit 5’3”/161cm and under height, so you'll never have to worry about alterations ever again.
- Length: 78cm (Size AU 8)
- Fitted silhouette
- Linen blend
- V neck
- Self-covered button front
- Flippy hem
- Removable belt with self-covered buckle
- Zip back/hook and eye fastening
- Fully lined",Nude Pink,"Main: 69% Lyocell, 31% Linen. Lining 100% Cotton"
175,Boohoo,Petite Tie Detail Wide Leg Jumpsuit,S$ 46.90,"- Strappy wide-legged jumpsuit with bow detail
- V neckline
- Regular fit
- Viscose
- Model wears an S and is 173cm tall",Black,100% Viscose
176,Wallis,PETITE Black Velvet Wrap Maxi Dress,S$ 143.00,"- Monochrome gathered detail velvet maxi dress with side slit
- Unlined
- Round neckline
- Slim fit
- Polyblend
- Model wears an S and is 172cm tall",Black,"96% Polyester, 4% Elastane"
177,Dorothy Perkins,Billie Blossoms Black Tiger Floral Dress,S$ 89.90,"- Floral print dress with pleat details
- Round neckline
- Regular fit
- Rear zip fastening
- Self tie waist closure
- Viscose
- Model wears a UK 8 and is 174cm tall",Black,100% Viscose
178,Miss Selfridge,Petite Gold Jacquard Peplum Top,S$ 93.90,"- Shimmer jacquard peplum top
- High neckline
- Unlined
- Regular fit
- Button fastening
- Cotton blend",Metallic,"59% Cotton, 33% Polyester, 8% Metallised fibre"
179,Miss Selfridge,PETITE BLUE POINTELLE JUMPER,S$ 59.90,"- Pointelle soft knit jumper
- Scoop neckline
- Unlined
- Slim fit
- Slip on style
- Acrylic
- Model wears a UK 8 and is 174cm tall",BLUE,100% Acrylic
180,Wallis,PETITE Black Geometric Print Shift Dress,S$ 99.00,"- All over print short sleeve mini dress
- Unlined
- Round neckline
- Regular fit
- Back zip closure
- Polyblend
- Model wears a UK 8 and is 172cm tall",Grey,"97% Polyester, 3% Elastane"
181,Miss Selfridge,PETITES BLUE DENIM ELASTIC WAIST WIDE LEG CROP JEANS,S$ 83.90,"- Faded denim crop wide leg jeans
- High rise
- Unlined
- Regular fit
- Elasticised waistband
- 2 front side pockets
- Cotton
- Model wears a UK 8 and is 173cm tall",BLUE,100% Cotton
182,Miss Selfridge,Petite Denim Utility Romper,S$ 89.90,"- Solid tone utility style belted playsuit
- Collar neckline
- Slim fit
- Button and belt fastening
- 2 pocket design
- Tencel
- Model wears a UK 8 and is 174cm tall",Blue,100% Tencel
183,Forever New,Fifi Petite Cowl Neck Wrap Frill Mini,S$ 179.99,"Good things come in small packages! This soft green cowl neck wrap frill mini dress is part of our petites range. Team yours with stiletto heels and a low bun for a glamorous ensemble.  Our petites range is perfectly proportioned to fit 5’3”/161cm and under height, so you'll never have to worry about alterations ever again.
- Cowl neck bodice 
- Wrapped mini skirt
- Lustrous woven fabrication
- Ruffle trim detail
- Flattering pleat design
- Adjustable shoulder straps
- Zip back/hook and eye fastening
- Fully lined",Deep Seafoam,"Outer: 100% Polyester. Lining: 95% Polyester, 5% Elastane"
184,TOPSHOP,PETITE Red Panel Puffer Jacket,S$ 129.00,"- Colour blocked panelled puffer jacket
- High neckline
- Lined
- Relaxed fit
- Front button fastening
- Two side pockets
- Polyester",Multi,100% Polyester
185,Dorothy Perkins,Navy Lace Chiffon Midi Dress,S$ 109.00,"- Hanky hem chiffon dress
- Round neckline
- Lined
- Regular fit
- Waist tie
- Viscose blend",NAVY BLUE,"60% Viscose, 36% Nylon, 2% Metallised fibre, 2% Polyester"
186,Dorothy Perkins,Petite Diamante Cami Top,S$ 49.90,"- Embellished shoulder straps detail cami top
- Keyhole neckline
- Regular fit
- Polyester
- Model wears a UK 8 and is 173cm tall",Black,100% Polyester
187,Miss Selfridge,Petite Mono Shirred Waist Wide Leg Jumpsuit,S$ 123.00,"- Monochrome floral-print strappy jumpsuit
- Unlined
- Square neckline
- Regular fit
- Self tie straps
- Viscose
- Model wears a UK 8 and is 170cm tall",Black,100% Viscose
188,Wallis,Petite Orange Floral Print Asymmetric Blouse,S$ 89.90,"- Floral print layered asymmetric top
- Round neckline
- Lined
- Regular fit
- Button fastening
- Polyester
- Model wears a UK 8 and is 180cm tall",Orange,Polyester
189,Wallis,PETITE Grey Leopard Print Jumper,S$ 99.00,"- Animal print pullover sweater
- Unlined
- Round neckline
- Relaxed fit
- Acrylic blend
- Model wears an S and is 172cm tall",Grey,"74% Acrylic, 24% Nylon, 2% Elastane"
190,Miss Selfridge,Petite Yellow Gingham Dress,S$ 96.90,"- Gingham print bow front mini dress with frilled trim
- Unlined
- Sweetheart neckline
- Regular fit
- Elasticated trim
- Viscose blend
- Model wears a UK 8 and is 174cm tall",Yellow,"83% Viscose, 17% Linen"
191,Miss Selfridge,Petite Ivory Tuxedo Jumpsuit,S$ 159.00,"- Monochrome jumpsuit with button detail
- V-neckline
- Regular fit
- Back button & zip fastening
- Long sleeves
- Keyhole back
- Decorative buttons
- Polyester blend
- Model wears a UK 8 and is 174cm tall",Cream,"94% Polyester, 6% Elastane"
192,Banana Republic,Petite Sloan Pants,S$ 121.90,"- Solid tone skinny fit ankle pants
- Unlined
- Mid rise
- Skinny fit
- Front zip and hook closure
- 4 faux pockets
- Cotton blend",Navy,"58% Cotton, 37% Viscose, 5% Elastane"
193,Miss Selfridge,Petite Blue Denim Utility Jumpsuit,S$ 123.00,"- Denim button-up shirt playsuit
- Notch lapels
- Regular fit
- Front button fastening
- Elasticized waistband
- 2 side pockets, 2 chest pockets
- Short sleeves
- Wide cropped legs
- Cotton
- Model wears a UK 8 and is 174cm tall",Blue,100% Cotton
194,TOPSHOP,Petite Step Hem Denim Skirt,S$ 73.90,"- Denim skirt with raw hemline
- Unlined
- Mid waist
- Regular fit
- Zip-fly and button fastening
- 5 pockets
- Cotton
- Model wears a UK 8 and is 175cm tall",MID DENIM,100% Cotton
195,Boohoo,Petite One Shoulder Ruffle Maxi Dress,S$ 56.90,"- One shoulder maxi dress with cascading ruffles
- One shoulder neckline
- Regular fit
- Slip on style
- Polyblend
- Model wears a UK 8 and is 175cm tall",Navy,95% Polyester 5% Elastane
196,Wallis,PETITE Pink Floral Print Tiered Dress,S$ 149.00,"- Tiered dress with allover print
- Lined
- Round neckline
- Regular fit
- Rear zip fastening
- Polyester
- Model wears a UK 8 and is 178cm tall",Pink,Polyester
197,Dorothy Perkins,Billie & Blossoms Petite Navy Floral Shell Top,S$ 59.90,"- Floral print frill detail top
- Round neckline
- Lined
- Regular fit
- Back teardrop button fastening
- Polyester
- Model wears a UK 8 and is 173cm tall",NAVY BLUE,100% Polyester
198,Dorothy Perkins,Tiger D Ring Playsuit,S$ 79.90,"- Tropical print waist tie playsuit
- V-neckline
- Slim fit
- Zip and waist tie fastening
- 2 pocket design
- Viscose
- Model wears a UK 8 and is 174cm tall",Black,Garment: Viscose(100%)
199,Dorothy Perkins,Petite Black Frankie Pants,S$ 56.90,"- Solid-tone skinny crop pants
- Unlined
- Mid rise
- Regular fit
- 2 faux side pockets
- 2 rear pockets
- Cotton blend
- Model wears a UK 8 and is 177cm tall",Black,"66% Cotton, 32% Polyester, 2% Elastane"
200,Dorothy Perkins,Petite Black Jersey Shirt,S$ 49.90,"- Solid tone faux pocket detail top
- V neckline
- Unlined
- Regular fit
- Slip on style
- Polyblend
- Model wears a UK 8 and is 173cm tall",BLACK,"95% Polyester, 5% Elastane"
201,Dorothy Perkins,Snake Print Shift Dress,S$ 89.90,"- Twist neck detail shift dress
- High neckline
- Relaxed fit
- Slip on style
- Nylon blend",METALLIC,"88% Nylon, 12% Metallised fibre"
202,Wallis,Petite Cream Floral Print Shift Dress,S$ 129.00,"- Floral print sleeveless mini shift dress
- Unlined
- Round neckline
- Regular fit
- Back zip fastening
- Polyblend
- Model wears a UK 8 and is 173cm tall",Cream,"96% Polyester, 4% Elastane"
203,Dorothy Perkins,Petite Ivory Broderie Top.,S$ 63.90,"- Blouse with embroidered openwork
- V neckline
- Regular fit
- Front button fastening
- Cotton",Ivory,100% Cotton
204,Dorothy Perkins,Petite Black Lace Midi Dress,S$ 99.90,"- Solid tone lace dress with pleated skirt
- Round neckline with slit detail
- Slim fit
- Lined
- Zip and self tie fastening
- Polyester
- Model wears a UK 8 and is 173cm tall",Black,100% Polyester
205,TOPSHOP,Petite Black Floral Midi Skirt,S$ 79.90,"- Midi skirt with allover print
- High waist
- Regular fit
- Polyester",Black,100% Polyester
206,Dorothy Perkins,Petite Khaki Jersey Shirt,S$ 49.90,"- Solid tone faux pocket detail top
- V neckline
- Unlined
- Regular fit
- Slip on style
- Polyblend
- Model wears a UK 8 and is 173cm tall",GREEN,"95% Polyester, 5% Elastane"
207,TOPSHOP,PETITE Black Jumper,S$ 69.90,"- Monochrome knitted jumper
- Crew neckline
- Unlined
- Relaxed fit
- Slip on style
- Acrylic blend
- Model wears an S and is 173cm tall",Black,"68% Acrylic, 30% Polyester, 2% Elastane"
208,TOPSHOP,PETITE Black And White Floral Pleated Midi Skirt,S$ 79.90,"- All over floral print pleated midi skirt
- Unlined
- Flared fit
- Polyester",Monochrome,100% Polyester
209,Miss Selfridge,Petite Black Mom Jeans,S$ 89.90,"- Lightly distressed straight cut jeans
- Mid rise
- Regular fit
- Zip-fly and button fastening
- Self tie waist closure
- 2 pockets
- Cotton
- Model wears a UK 8 and is 174cm tall",Black,100% Cotton
